id,问题,文档,相关页,Hit@1,Hit@2,Hit@3,"检索top1(文件-页,得分)",检索top2,检索top3,模型回答
Q001,在工作区、4层空中花园、卫生间内吸烟会有什么处罚？,员工手册 v2.2.pdf,手册-P04,1,1,1,手册-P04(0.56),纪律-P04(0.54),纪律-P01(0.54),根据公司规定，在工作区、4层空中花园、卫生间内禁止吸烟，违者将被罚款 100 元/次 [1]。  另外提示：公司指定的吸烟区在 3 号通道口外，吸烟结束后请注意做好防火措施 [1]。
Q002,公司把雨伞存放区设置在哪里？,员工手册 v2.2.pdf,手册-P04,1,1,1,手册-P04(0.61),手册-P06(0.52),手册-P02(0.51),公司在 4 楼电梯出口处设置了雨伞存放区，员工进入办公区时应将雨伞整齐放入指定的存放箱内，以免雨水弄湿办公环境 [1]。
Q003,厨余垃圾应统一丢在哪里？,员工手册 v2.2.pdf,手册-P05,1,1,1,手册-P04(0.38),手册-P03(0.29),手册-P06(0.27),根据公司规定，厨余垃圾应统一丢至 **2号通道口**，禁止丢在场内垃圾桶里 [1]。
Q004,货梯的用途是什么？,员工手册 v2.2.pdf,手册-P05,0,1,1,手册-P06(0.34),手册-P04(0.34),手册-P02(0.31),根据公司规定，货梯主要用于设备等重货运输，禁止用于上下班及其他私人用途 [1]。
Q005,公司访客分为哪几类？,员工手册 v2.2.pdf,手册-P05,1,1,1,手册-P04(0.62),手册-P02(0.51),手册-P03(0.50),根据手册，公司访客分为三类 [1]：  1. **重要访客**：公司高层来访客人；公司重要客户，政府职能部门领导。 2. **一般性访客**：即洽公、维修、应聘等人员。 3. **其他访客**：广告推销者；蓄意滋事者。  有客人来访时，前台人员应先咨询客人，确定其属于哪一类别 [1]。
Q006,员工亲属来访应在哪里接待？,员工手册 v2.2.pdf,手册-P05,1,1,1,手册-P04(0.59),手册-P02(0.55),手册-P06(0.50),员工亲属来访时，受访人不得带来访人到办公区域，一律在 **8楼第一间接待室** 接待。[1]
Q007,遇有电器着火应如何处理？,员工手册 v2.2.pdf,手册-P06,1,1,1,手册-P06(0.46),手册-P04(0.45),手册-P02(0.40),根据手册规定，遇有电器着火时，应**先切断电源再救火，同时报警**。如有人触电，应立即设法使其脱离电源，并采取正确的方法进行施救 [1]。  此外，日常使用电脑等办公设备时，如发生打火、异味、高热、怪声等异常情况，必须立即停止操作、关闭电源，并及时找电工检查、修理，确认能安全运行后才能继续使用 [1]。
Q008,火灾逃生时人员疏散应遵循什么顺序？,员工手册 v2.2.pdf,手册-P06,1,1,1,手册-P06(0.48),手册-P04(0.46),手册-P02(0.45),根据文档规定，员工疏散应先从事故点（层）开始，再疏散以上各层，最后是下层，以安全逃生到地面为主要目标；同时应优先安排事故威胁严重及危险区域内的人员疏散 [1]。
Q009,逃生过程中为什么禁止使用普通电梯？,员工手册 v2.2.pdf,手册-P06,0,1,1,手册-P04(0.49),手册-P06(0.46),手册-P28(0.40),根据手册规定，逃生过程中禁止使用普通电梯运载人员，主要是防止以下风险：一是电梯中途停电导致被困，二是烟火可能窜入电梯，三是电梯井可能成为火势蔓延的通道，从而引起事故发生 [1]。因此逃生时应注意观察安全疏散标志，按其指引方向尽快撤离事故现场 [1]。
Q010,公司录用结果受什么因素决定？,员工手册 v2.2.pdf,手册-P07,0,1,1,手册-P08(0.45),手册-P06(0.44),绩效-P04(0.43),根据公司制度，录用结果不受国籍、民族、性别、信仰等非能力因素决定，而是对应聘人员进行全面考察，平等竞争，比较后录用最适合的应聘者 [1]。
Q011,公司的回避政策是什么？,员工手册 v2.2.pdf,手册-P07,1,1,1,手册-P06(0.51),手册-P32(0.51),纪律-P04(0.50),公司的回避政策规定在员工手册第2.1.3条，具体内容如下 [1]：  1. **禁止录用亲友到直接/间接管理的部门**：任何人不得录用自己的亲友在自己直接或间接管理的部门工作；有亲友关系的也不得在有利益相关的部门工作（例如财务部门与销售部门）。  2. **违规后果**：任何人违背此政策，公司将不承认与被录用者的劳动关系，由此引起的一切后果由违规者承担 [1]。
Q012,公司全职员工的合同期和试用期是多长？,员工手册 v2.2.pdf,手册-P08,1,1,1,手册-P08(0.54),手册-P02(0.47),手册-P12(0.42),根据公司规定，全职员工的合同期为 **3 年**，试用期最长不超过 **6 个月** [1]。
Q013,试用期员工请假超过几天，试用期需要顺延？,员工手册 v2.2.pdf,手册-P09,1,1,1,手册-P08(0.58),手册-P18(0.57),手册-P34(0.54),试用期员工请假超过 **5 天**的，其试用期应顺延请假时间的天数 [1]。
Q014,员工主动离职需要提前多久提出申请？,员工手册 v2.2.pdf,手册-P09,0,1,1,手册-P10(0.57),手册-P08(0.55),手册-P12(0.52),根据员工手册规定，主动离职（辞职）的申请时间要求如下：  - **试用期内员工**：应提前 **3 天**提出离职申请； - **非试用期（正式）员工**：需提前 **30 天**提出离职申请。  离职申请须由员工本人向部门经理及以上级别主管和人力资源部以书面或钉钉形式提出，并须与部门主管、人力资源部工作人员共同确认最后工作日 [1]。
Q015,公司可以单方解除劳动合同的情形有哪些？,员工手册 v2.2.pdf,手册-P09,0,0,0,手册-P03(0.52),纪律-P04(0.51),纪律-P01(0.51),根据纪律处罚条例，公司可不经预告解除劳动合同（辞退）的严重违纪情形包括 [2]：  1. 累计3个月每月迟到5次及以上，收到3份书面警告的； 2. 与他人发生肢体冲突（包括殴打他人、互相殴打、挑拨打架等）； 3. 任何诋毁公司的言论或行为； 4. 违反公司规定或保管不当，造成公司设备及网络不能正常运营的； 5. 侵占公司财物或获取非正当利益（包括收受贿赂、回扣等）； 6. 伪造或提供虚假材料、记录、单据、票据、发票、证明（含虚假病休证明）等； 7. 未经允许或违反保密规定，泄露公司商业秘密（技术、经营、管理信息等）； 8. 不执行或抵制公司或主管安排的正当工作； 9. 擅离工作岗位，带来事故隐患、发生事故或造成损失； 10. 偷窃、涂改或伪造公司印章、档案、资料、原始凭证、原始记录或重要文件； 11. 合同期内与其他单位形成劳动关系，严重影响本单位工作任务完成，或经公司提出拒不改正的； 12. 违反制度、政策导致20000元（含）以上损失； 13. 因过错或失职造成人员伤害或财物损失价值20000元（含）以上； 14. 合同期内累计旷工三次； 15. 经查实有偷盗、性骚扰行为，或擅自将不属于自己的财物拿出工作场所； 16. 工作时间或工作场所内赌博、做博彩性游戏； 17. 饮用含酒精饮品或服用禁品后在工作场所滋事； 18. 携带危险物品、行凶器械或违禁品进入工作场所，造成损害或带来危险隐患； 19. 违法犯罪，被依法追究刑事责任或被行政拘留； 20. 受到最终警告后再受任何警告处分的； 21. 其他管理政策及法律法规规定的相关情形。  上述情形经查实后，公司可立即辞退且不支付任何经济补偿，同时保留追究经济赔偿的权利 [2]。任何辞退处罚决定均需由直接上级和人力资源部共同审核、总经理批准 [2]。
Q016,员工离职后应在多少天内办理社会保险转移？,员工手册 v2.2.pdf,手册-P11,1,1,1,手册-P10(0.56),手册-P02(0.45),手册-P22(0.45),员工离职后，须在 **15 天内** 办理社会保险的转移工作 [1]。
Q017,离职工资最迟什么时候支付？,员工手册 v2.2.pdf,手册-P11,1,1,1,手册-P10(0.61),手册-P02(0.55),手册-P22(0.54),根据规定，《员工离职申请》需按审批单要求逐个审批确认后进行工资结算，离职工资最迟在**次月最后一个工作日**支付 [1]。
Q018,员工与公司发生劳动争议如何解决？,员工手册 v2.2.pdf,手册-P11,0,0,1,纪律-P04(0.45),手册-P12(0.41),手册-P10(0.41),根据公司制度，员工与公司发生劳动争议的解决途径如下 [2]：  1. **协商解决**：首先应报人力资源部协商解决。 2. **申请仲裁**：如协商不能解决，可向有管辖权的劳动争议仲裁委员会申请仲裁。 3. **提起诉讼**：任何一方对裁决不服的，可向人民法院提起诉讼。
Q019,试用期评估结果须在何时递交人力资源部？,员工手册 v2.2.pdf,手册-P08,1,1,1,手册-P08(0.65),绩效-P03(0.64),手册-P22(0.57),试用期评估结果须在新员工试用期结束前 3 天递交人力资源部，由人力资源部经理、总经理进行审核，审核结果由人力资源部归档 [1]。
Q020,公司规定的标准工作时间是多少？,员工手册 v2.2.pdf,手册-P11,0,0,0,手册-P12(0.61),手册-P22(0.59),手册-P34(0.56),根据员工手册的修订记录，自 2024 年 5 月 30 日起（V2.0 版本），公司工作时间由每天 7.5 小时改为 **每天 8 小时** [1]。  需要说明的是，提供的上下文中未包含具体的每日上下班时间（如几点到几点）及每周工作安排的详细规定，如需了解具体作息时间点，建议查阅员工手册中关于工作时间的完整章节或咨询人力资源部。
Q021,员工每天上下班须打几次卡？,员工手册 v2.2.pdf,手册-P11,0,0,0,手册-P12(0.66),手册-P02(0.61),手册-P22(0.60),"根据提供的上下文，其中并未包含《3.2 刷卡规定》的具体内容，因此无法直接确认每天须打卡几次 [1]。  不过按照一般考勤惯例，通常员工每天需打卡 **2 次**：上班一次、下班一次。建议您查阅公司《员工手册》中""3.2 刷卡规定""章节的完整内容，或咨询人力资源部以确认准确的打卡次数要求。"
Q022,每月补卡次数有什么限制？,员工手册 v2.2.pdf,手册-P12,1,1,1,手册-P12(0.69),手册-P34(0.61),手册-P22(0.61),根据员工手册规定：每月补卡不得超过 3 次，第 4 次起需提交调休或事假处理 [1]。  补充说明：补卡需附上当时段的工作及人员证明，由主管及 HR 审核确认 [1]。
Q023,迟到的定义是什么？,员工手册 v2.2.pdf,手册-P12,1,1,1,手册-P12(0.54),手册-P02(0.49),手册-P30(0.46),根据公司考勤制度，迟到的定义是：**员工比规定上班时间晚 15 分钟之内到达公司为迟到**（含固定工时迟到 5 分钟忽略不计）[1]。  另外补充说明：5 分钟以内的迟到忽略不计（若该员工的考勤规则为弹性工时，则不享有该福利）[1]。
Q024,5分钟以内的迟到如何处理？,员工手册 v2.2.pdf,手册-P12,1,1,1,手册-P12(0.59),手册-P30(0.54),纪律-P01(0.53),根据公司考勤制度：**5 分钟以内的迟到忽略不计**，即不作迟到处理，不扣款 [1]。  但需注意：若该员工的考勤规则为**弹性工时**，则不享有该福利，即 5 分钟内迟到仍按迟到处理 [1]。此外，固定工时员工迟到 15 分钟以内（含被忽略的 5 分钟情形外的迟到）每次扣 5 元，当月累计 5 次及以上将给予书面警告 [1]。
Q025,迟到、早退的处罚标准是什么？,员工手册 v2.2.pdf,手册-P12,1,1,1,手册-P12(0.62),纪律-P01(0.61),手册-P30(0.59),迟到、早退的处罚标准如下：  1. **罚款**：迟到、早退每次扣 5 元 [1]。 2. **书面警告**：当月迟到和早退累计 5 次及以上者，将给予书面警告 [1]（属于轻度违纪行为 [2]）。 3. **劝退**：在职期间累计三次警告者，将做劝退处理 [1]。  另外需要注意： - 晚到/早走 15 分钟以内的才算迟到/早退（固定工时员工 5 分钟以内忽略不计）；超过 15 分钟至 2 小时且未及时提交休假申请的，按事假处理 [1]。 - 累计 3 个月每月迟到 5 次及以上并收到 3 份书面警告者，公司可予以辞退且无经济补偿 [2]。
Q026,旷工扣发工资的标准是什么？,员工手册 v2.2.pdf,手册-P13,0,1,1,手册-P02(0.61),手册-P12(0.58),手册-P30(0.57),旷工扣发旷工时段应发工资的两倍 [1]。
Q027,员工脱岗是如何定义的？,员工手册 v2.2.pdf,手册-P13,0,0,0,手册-P02(0.60),纪律-P04(0.59),手册-P30(0.59),根据所提供的上下文，文档目录中确实列有“3.6 脱岗”一节 [1]，但具体的脱岗定义内容并未包含在所提供的资料片段中，因此我无法从现有上下文中给出脱岗的准确定义。  不过，上下文中提到与此相关的处罚规定：无故脱岗一次属于轻度违纪行为，经查实可给予书面警告处分 [1]。  如需脱岗的具体定义，建议查阅该员工手册/规章制度第 3.6 节的完整内容。
Q028,加班时间如何计算？,员工手册 v2.2.pdf,手册-P13,1,1,1,手册-P12(0.57),手册-P22(0.54),薪酬-P05(0.53),根据公司规定，加班时间的计算方法如下：  - **计算单位**：加班时间按小时计，不足 1 小时不计，后续每半小时累积计算 [1]。 - **加班认定**：标准工时制的员工在日常工作日延长工作时间的，以及法定休假日、休息日的工作时间，计为加班时间 [1]。 - **加班申请**：加班须由上级领导在钉钉上发起《加班申请》审批，经直接主管及以上级别批准（经理级及以上员工自行提交申请并报人力资源部备案）[1]。未经批准或自行延长工作时间的加班不被认可，只有获批准的真实有效加班时间才可用于调休 [1]。
Q029,哪些情况下加班不予认同？请列举至少三项。,员工手册 v2.2.pdf,手册-P14,0,0,1,手册-P12(0.57),手册-P22(0.53),手册-P14(0.52),根据公司考勤制度，以下情况加班不予认同 [1]：  1. 公司在非工作时间组织的聚餐、旅游等活动； 2. 公司在非工作时间安排的、由员工选择参加的会议或培训； 3. 出差路程不计加班； 4. 未经公司安排或批准的超时在岗，或未按规定程序进行加班申请； 5. 员工在非工作时间自愿来公司； 6. 缺少相关加班打卡记录及加班证明，或人力资源部考勤抽查时发现的不符记录。
Q030,未经审批的出差如何处理？,员工手册 v2.2.pdf,手册-P15,0,0,0,纪律-P04(0.63),手册-P32(0.63),纪律-P01(0.59),根据提供的员工手册内容，其中**没有直接规定“未经审批的出差”如何处理**的条款，上下文主要涉及考勤、违纪分级和纪律处分程序。  不过，可以依据手册中相近的条款做如下推断：  1. **可能视情节按违纪处理**：    - 若未经审批出差属于“违反公司或部门标准操作程序或其他制度、政策”或“不执行或抵制公司或主管安排的正当工作”的行为，视造成的后果可能构成轻度违纪（书面警告）、较重违纪（最终警告，可并处降职、降薪或经济处罚），情节严重造成重大损失（20000元含以上）的可被辞退 [1]。    - 若出差期间未在岗，还可能涉及“溜岗”“旷工”的认定（旷工一次为书面警告，合同期内累计旷工两次为最终警告，累计三次可辞退）[1]。  2. **处理程序**：任何处罚均须查有实据，由违纪人以书面形式说明，直接主管或相关部门提出处罚建议并与人力资源部确定方案，面谈后填写《纪律处分报告表》三方签字存档 [1][2]。  3. **处罚权限**：书面警告、最终警告及降职、降薪、辞退等决定均需直接上级和人力资源部共同审核、总经理批准 [2]。  建议具体处理时向人力资源部咨询确认，以避免适用条款不当 [1]。
Q031,公出的定义是什么？,员工手册 v2.2.pdf,手册-P14,0,1,1,手册-P02(0.55),手册-P14(0.54),手册-P04(0.48),根据公司规定，**公出**是指：员工因工作需要、事先由上级批准的、在工作时间内于本城区内(如福州市五区内)进行的公务性质的外出，且公出可以当日往返。[1]  补充相关流程：员工公出必须先在钉钉提交“外出申请”并经审批后方可外出；若因特殊原因不能及时提交审批单的，应在公出返回公司后的当日内补填。公出不需办理返回核销手续，但实际公出时间超出原派遣时间的，应补填外出申请。[1]
Q032,春节放假几天？,员工手册 v2.2.pdf,手册-P15,0,0,0,,,,春节法定假期安排每年由国务院发布，一般是这样的：  - **法定节假日**：农历除夕＋正月初一至初三（共4天） - **实际放假**：通常通过调休（周末上班）拼成 **7～8天** 长假  例如： - **2025年春节**：1月28日（除夕）至2月4日（初七），共 **8天** - **2026年春节**：2月15日（除夕）至2月22日左右，预计也是 **8天**（具体以国务院通知为准）  如果你需要，我可以帮你在日历上添加春节假期提醒，或查询你日历中已安排的春节相关日程。需要吗？
Q033,劳动节放假几天？,员工手册 v2.2.pdf,手册-P15,0,1,1,手册-P18(0.52),手册-P14(0.50),手册-P34(0.46),根据公司规定，劳动节放假2天（5月1日、2日）[1]。  另外，2025年修订版本（V2.2）中提到法定休假日增加了农历除夕和5月2日 [1]，其中5月2日即为劳动节第二天，与上述规定一致。
Q034,国庆节放假几天？,员工手册 v2.2.pdf,手册-P15,0,1,1,手册-P34(0.46),手册-P14(0.43),手册-P16(0.36),根据员工手册规定，国庆节放假 3 天（10月1日、2日、3日）[1]。
Q035,妇女节、青年节的放假规定是什么？,员工手册 v2.2.pdf,手册-P15,1,1,1,手册-P14(0.54),手册-P20(0.53),手册-P34(0.49),根据员工手册规定：  - **妇女节（3月8日）**：妇女放假半天 [1] - **青年节（5月4日）**：14-28周岁的青年放假半天 [1] - 如果这些节日适逢星期六、星期日，则不补假 [1] - 如果员工选择放弃休假，将不会被视为加班 [1] - 另外注意：弹性工时不享有该项福利 [1]
Q036,享受年度休假（年假）需要什么条件？,员工手册 v2.2.pdf,手册-P16,1,1,1,手册-P16(0.68),手册-P02(0.61),手册-P18(0.60),"根据公司《假期》制度，享受年度休假需满足以下条件 [1]：  **1. 司龄要求** - 需在公司工作满一年（司龄满一年）方可享受年度休假 [1]。  **2. 年假天数以""工龄""确定**（以社保缴费累计年限为基准）[1]： - 累计工作已满 1 年不满 10 年的：年休假 5 天 - 已满 10 年不满 20 年的：年休假 10 天 - 已满 20 年的：年休假 15 天  **3. 证明要求** [1]： - 员工须向人力资源部提供社保机构出具的""社保缴费累计年限""证明，人力资源部从出具证明之日起按社保累计缴费时间确认年假天数； - 若不提供该证明，则按员工在公司实际连续服务时间计算； - 因未及时提供证明导致未能按国家标准享受法定年假的，公司不承担补偿与赔偿责任。  **4. 存在以下情况则不能（或不能完全）享受年假** [1]： - 休病假达到一定月份上限：   - 工龄 1–10 年：当年病假达 2 个月及以上   - 工龄 10–20 年：当年病假达 3 个月及以上   - 工龄 20 年以上：当年病假达 4 个月及以上 - 其他国家规定不能享受年度休假的情况。 - 若已休年假后又出现上述情况，已休天数需用事假抵扣。"
Q037,年度休假天数的计算基准是什么？,员工手册 v2.2.pdf,手册-P16,1,1,1,手册-P16(0.72),手册-P18(0.62),手册-P34(0.58),年度休假天数的计算基准是**工龄**，即“社保缴费累计年限” [1]。具体标准为：  - 累计工作已满 1 年不满 10 年：年休假 5 天 - 已满 10 年不满 20 年：年休假 10 天 - 已满 20 年：年休假 15 天  员工须向人力资源部提供社保机构出具的“社保缴费累计年限”证明，以确认可享受的年度休假天数 [1]。若不提供该证明，则按员工在公司实际连续服务时间计算“累计工作年限”；因不能及时提供证明导致未能按国家标准享受法定年假的，公司不承担补偿或赔偿责任 [1]。
Q038,不同累计工作年限对应的年假天数是多少？,员工手册 v2.2.pdf,手册-P16,1,1,1,手册-P16(0.69),手册-P18(0.63),手册-P20(0.61),"根据公司制度，年假天数以""社保缴费累计年限""（工龄）为计算基准：  - 累计工作满 1 年不满 10 年：年休假 **5 天** - 满 10 年不满 20 年：年休假 **10 天** - 满 20 年：年休假 **15 天**  需要注意的是，年度休假为带薪假，且需司龄满一年方可享受 [1]。"
Q039,未休年假的保留期限是多久？,员工手册 v2.2.pdf,手册-P17,1,1,1,手册-P16(0.63),手册-P18(0.60),手册-P34(0.58),根据公司规定，当年可休年假到**次年 6 月 30 日之前有效**，超过该期限的未休年假作废，不予逐年累积或以工资补贴 [1]。
Q040,年假拆零使用的最小单位是多少？,员工手册 v2.2.pdf,手册-P17,1,1,1,手册-P16(0.61),手册-P18(0.60),手册-P34(0.58),根据员工手册，年假拆零使用时，每次最少使用 **0.5 天（半天）** [1]。
Q041,短期病假的定义是什么？,员工手册 v2.2.pdf,手册-P18,1,1,1,手册-P18(0.70),手册-P02(0.57),手册-P16(0.52),短期病假指连续 45 个自然日以下（含 45 个自然日）的病假。申请短期病假需按公司请假制度的要求申请，短期病假需扣除部分薪金，员工可选择用休年假冲抵病假 [1]。
Q042,短期病假的薪酬扣除标准是什么？,员工手册 v2.2.pdf,手册-P18,1,1,1,手册-P18(0.72),手册-P16(0.60),手册-P22(0.58),根据公司规定，短期病假（连续45个自然日及以下）的日薪计算方式为：**日薪 = 月薪 / 月实际出勤天数**，具体扣除标准如下 [1]：  1. **15天以下（含）的病假**：每个工作日扣除日薪的 **40%**； 2. **15天以上30天以下（含）的病假**：每个工作日扣除日薪的 **50%**； 3. **30天以上45天以下（含）的病假**：每个工作日扣除日薪的 **60%**。  此外，如果按上述标准计算的病假工资低于当地政府规定的最低工资标准80%，则按最低工资标准的80%支付 [1]。员工也可选择用休年假来冲抵病假 [1]。
Q043,长期病假的定义是什么？,员工手册 v2.2.pdf,手册-P19,1,1,1,手册-P18(0.66),手册-P02(0.56),手册-P16(0.51),根据公司制度，长期病假的定义是：员工患病或非因公负伤，经定点医疗机构认定须停止工作进行长期休养时，**连续 45 个自然日以上，或 6 个月内累计 90 天以上**的病假 [1]。  相关补充说明：短期病假则是指连续 45 个自然日以下（含 45 天）的病假 [1]。
Q044,长期病假期间的待遇如何？,员工手册 v2.2.pdf,手册-P19,1,1,1,手册-P18(0.65),手册-P02(0.55),手册-P20(0.53),根据公司规定，长期病假期间的待遇如下 [1]：  1. **不享受绩效奖金和年度薪资调整**：长期病假期间不享受公司的绩效奖金和年度薪资调整 [1]。  2. **薪资发放比例**：    - 第 1 个月：发放月薪的 50%    - 第 2 个月：发放月薪的 40%    - 第 3 个月开始：发放月薪的 30%    - 但发放金额不得低于当地政府规定最低工资标准的 80% [1]  此外，长期病假期间是否享有年度休假及具体天数，需按 4.2.1 和 4.2.2 的规定衡量 [1]。
Q045,丧假的天数是如何规定的？,员工手册 v2.2.pdf,手册-P19,1,1,1,手册-P18(0.64),手册-P20(0.62),手册-P16(0.58),根据公司规定，丧假（带薪假）的天数如下 [1]：  - **直系亲属**（祖父母、外祖父母、父母、岳父母、公婆、子女、儿媳、女婿、配偶、同胞兄弟姐妹、孙子女、外孙子女）死亡：给予 **3 天**丧假； - **非直系亲属**（叔伯姑姨舅等）死亡：给予 **1 天**丧假。
Q046,婚假的天数和有效期如何规定？,员工手册 v2.2.pdf,手册-P20,1,1,1,手册-P20(0.65),手册-P18(0.59),手册-P16(0.57),根据公司规定：  **婚假天数**：婚假为 **3 天**（具体以劳动合同履行地的当地政策为准）。天数计算以日历日为准 [1]。  **休假要求**： - 婚假应一次连续休完，不可拆开使用； - 需自结婚登记之日起 **一年内** 休完，逾期不补休； - 原则上对申请国庆、五一、春节等长假连休婚假的行为不予批准 [1]。  **其他注意事项**： - 入职前领取的结婚证不得在公司享受婚假； - 申请婚假需向人力资源部提供结婚证； - 如遇属地有相关政策法规另行规定的，从其规定执行 [1]。  婚假为带薪假。
Q047,女员工产假是多少天？难产、多胞胎如何增加？,员工手册 v2.2.pdf,手册-P20,1,1,1,手册-P20(0.65),手册-P18(0.57),手册-P16(0.51),根据公司假期制度：  **基本产假**：在符合国家相关法律法规下生育子女（请假时需出示准生证），女员工产假为 **158 天**。  **附加产假**： - **难产**：增加产假 **15 天**，需出具医院的诊断证明； - **多胞胎生育**：每多生育一个婴儿，增加产假 **15 天**。  此外，怀孕不满四个月流产（人工流产除外）给予 15 天产假；怀孕四个月以上流产给予 42 天产假（均需医院证明）。[1]
Q048,男员工的护理假是多少天？,员工手册 v2.2.pdf,手册-P20,1,1,1,手册-P20(0.62),手册-P18(0.54),手册-P16(0.48),男员工在妻子产假期间可享受连续 **15 天**（包括公休日、节假日）的带薪护理假，且休护理假的男员工仍可继续享受当年年假 [1]。
Q049,哺乳假的规定是什么？,员工手册 v2.2.pdf,手册-P21,1,1,1,手册-P20(0.61),手册-P02(0.54),手册-P18(0.50),根据公司规定（4.11），哺乳假的具体内容如下 [1]：  - **适用对象**：哺乳期内的女员工，哺乳期指自婴儿出生至满一周岁之间的时间。 - **时长**：每个工作日享受 1 次每次 1 小时的哺乳假。 - **多胎生育**：每增加一个哺乳婴儿，每次哺乳时间增加 1 小时。 - **待遇**：哺乳假为带薪假。  另外，申请哺乳假需在女员工怀孕后及时通知部门主管与人力资源部并提供医院诊断证明，之后可根据情况申请产假、哺乳假等相关假期 [1]。
Q050,申请5天以上的假期需要谁加签？,员工手册 v2.2.pdf,手册-P21,0,0,0,手册-P14(0.61),手册-P34(0.59),手册-P18(0.58),关于“申请5天以上的假期需要谁加签”的问题，所提供的员工手册上下文中没有包含这方面的规定。文中只提到了假期种类（法定节假日、年假、病假、事假、丧假等）及假期薪酬标准 [1]，以及出差需填写《出差申请单》并经审批 [1]，但并未说明超过5天的假期申请需要哪一级领导加签。  建议您查阅员工手册中“请假审批流程”相关章节，或咨询人力资源部，以获取准确的审批权限规定。
Q051,调休的最小时间单位是多少？,员工手册 v2.2.pdf,手册-P22,0,1,1,手册-P34(0.59),手册-P22(0.58),手册-P14(0.56),调休的最小时间单位是 **1 小时**。根据员工手册，事假、病假请假的最小时间为 0.5 小时，而调休的最小时间为 1 小时 [1]；同时 V2.1 修订也明确由员工自行提交调休，最小调休单位为 1 小时 [1]。
Q052,考勤异常最迟什么时间提交？,员工手册 v2.2.pdf,手册-P22,1,1,1,手册-P22(0.65),手册-P12(0.65),手册-P34(0.65),根据员工手册规定，考勤异常的提交节点如下：  **每周周日的 24:00 之前**提交本周（周一至周日）的考勤异常 [1]。  特殊情况的补充规定： - **周日加班跨零点的**：如加班结束时间为次日 0 点后（例如周日 22:00—周一 1:00），提交时间可延至次日（周一）[1]。 - **月末最后一天**：需提交考勤异常，不受周日限制 [1]。 - 若因特殊情况调整提交截止时间，以公司通知为准 [1]。  **提醒**：若因个人原因延迟提交，加班将不计入加班时长，调休、漏打卡、外出、出差等需转为提交个人假期（年假或事假）处理 [1]，建议务必按时提交。
Q053,考勤结算周期和发薪日是什么？,员工手册 v2.2.pdf,手册-P23,1,1,1,手册-P22(0.67),手册-P02(0.64),手册-P12(0.62),考勤结算周期为每月1日至31日；薪酬发放日为次月10日（即2月10日发放1月1日—1月31日的薪酬）[1]。此外，当期的绩效工资于下个月的25日发放（遇法定假日顺延）[1]。
Q054,绩效工资在什么时间发放？,员工手册 v2.2.pdf,手册-P23,0,0,1,绩效-P03(0.64),薪酬-P05(0.60),手册-P22(0.56),根据公司薪酬绩效制度，当期绩效工资于**下个月的 25 日发放**（遇法定假日顺延）[3]。工资通过银行转账方式存入员工个人工资账户[3]。
Q055,违反薪酬保密规定会有什么处罚？,员工手册 v2.2.pdf,手册-P24,0,0,0,纪律-P04(0.57),手册-P30(0.56),纪律-P01(0.53),根据所提供的《纪律处罚条例》内容，**文中并没有专门针对“违反薪酬保密规定”的明确条款**，无法给出直接对应的处罚。  不过可以参考最接近的相关规定：未经公司允许或违反保密规定，向无关人员或公司外部人员泄漏公司经营信息、管理信息等商业秘密的，属于严重违纪，经查实可不经预告予以解除劳动合同（辞退），且不享受任何经济补偿，公司还保留追究经济赔偿的权利 [1][2]。薪酬信息通常属于公司管理信息范畴，如果公司另行的薪酬管理制度将其列为保密信息，泄漏薪酬信息很可能被归入此条款处理。  此外，条例也提到“其它管理政策中规定的相关内容以及法律法规规定的情况”可作为辞退依据 [1]，而其它管理政策中提到的警告内容也可作为书面警告依据 [1][2]。  建议您向人力资源部咨询确认，公司是否有专门的薪酬保密制度及其对应的处分级别（部门负责人处理纪律事宜不明时，应向人力资源部咨询 [1]）。
Q056,试用期员工是否参与绩效奖金分配？,员工手册 v2.2.pdf,手册-P24,0,0,0,绩效-P03(0.61),绩效-P04(0.61),薪酬-P05(0.58),根据公司绩效管理制度的内容，试用期员工（即未转正员工）的绩效参与情况主要与“转正”相关的规定挂钩 [1]：  **关于转正员工的规则：** - 员工在考核周期内转正的，若转正当月在岗天数达到当月计薪日的三分之二及以上，可参与当月绩效工资评定； - 若未达到上述标准，原则上转正当月不参与本次绩效工资评定 [1]。  **关于试用期员工：** 需要说明的是，提供的制度文本中并没有专门、明确地规定试用期员工是否参与绩效奖金分配的条款。从文义推断，制度仅对“转正当月”的绩效参与情况做了规定，试用期（未转正）员工是否参与绩效评定，建议以人力资源部的解释为准，或查阅《转正审批流程》等相关支持性文件确认 [2]。  如果您需要确切答案，建议咨询公司人力资源部进一步确认。
Q057,员工年度绩效考核结果为C有什么影响？,员工手册 v2.2.pdf,手册-P24,0,0,0,绩效-P04(0.65),绩效-P06(0.58),绩效-P03(0.55),"# 年度绩效考核结果为 C 的影响  根据公司绩效考核管理办法，考核结果为 C（需要改进）会带来以下影响：  ## 1. 可能被认定为“不能胜任工作” 绩效成绩为 B- 及以下（含 C）达到以下任一情形的，视为不能胜任本岗位工作： - 双月考核：累计全年 3 次（含）以上 - 季度考核：累计全年 2 次（含）以上  对该类员工，公司将优先安排岗位技能培训或调整工作岗位；经培训或调岗后仍不能胜任工作的，公司将依法解除劳动合同。[1]  ## 2. 绩效工资/年终奖金受影响 绩效考核结果将作为绩效工资发放、年终奖金、年终绩效、调薪、晋升、降级、降薪、辞退、提升培训等重要依据，年终奖金发放与年度绩效等级挂钩。[1]  ## 3. 无法获得年终绩效较高等级 以 P 岗为例，年终绩效要达到 S、A 或 A- 均要求""无 B- 及以下""，因此存在 C 等级的员工无法评定为较高的年终绩效等级。[1]  ## 4. 等级系数为零 按等级系数标准，C 等级的系数为 0%（无论 M 岗还是 P 岗），即当期绩效浮动部分按零计算。[1]  此外，C 等级属于""需要在多个领域显著改进""的等级，表现需显著改进才能满足岗位要求。[1]"
Q058,员工双月绩效考核结果为C如何处理？,员工手册 v2.2.pdf,手册-P24,0,0,0,绩效-P04(0.66),绩效-P03(0.62),绩效-P06(0.61),"# 双月考核 C 等级（需要改进）的处理  根据公司绩效管理办法，员工考核结果为 C 时将涉及以下处理：  **1. 不能胜任认定** 员工绩效考核成绩为 B- 及以下（含 C）达到以下情形的，视为不能胜任本岗位工作： - 双月考核：全年累计 **3 次（含）以上** C 或 B- 及以下等级； - 季度考核：全年累计 2 次（含）以上 [1]  **2. 处理措施** 对被认定为不能胜任的员工，公司将**优先安排岗位技能培训或调整工作岗位**；经培训或调岗后仍不能胜任工作的，公司将依法解除劳动合同 [1]。  **3. 相关连带影响** - C 等级对应等级系数为 **0%**（M 岗与 P 岗均为 0%），即该周期绩效工资不发放 [1]； - 全年年终绩效评定中，要求""无 B- 及以下""才能达到 A- 及以上等级，因此出现 C 会影响年终绩效等级评定 [1]； - 绩效考核结果将作为绩效工资、年终奖金、调薪、晋升、辞退、培训等重要依据 [1]。  **4. 改进机制** 考核结果出具后 5 个工作日内，考核者需与被考核者进行绩效面谈，反馈优点与不足并**制定改进计划**，同时沟通下一期考核目标 [1]。  **提示：** 若对考核过程或结果有异议，可在知道考核结果后 5 个工作日内向上一级领导或人力资源部提出申诉 [1]。"
Q059,计算机配件丢失由谁赔偿？,员工手册 v2.2.pdf,手册-P25,0,0,0,手册-P28(0.53),手册-P03(0.53),None-P00(0.51),关于“计算机配件丢失由谁赔偿”，提供的资料中并没有专门针对配件丢失赔偿的直接条款，我无法给出确切答案。  不过根据《纪律处罚条例》中的一般性规定，如果给公司造成损失，员工需向公司承担赔偿责任 [1]；此外，因员工使用计算机不当（如拷贝病毒文件、违规操作等）造成的问题，公司也有权处理并追责 [1]。  如果配件属于正常损耗或非人为丢失，具体如何处理（例如是否需赔偿、走什么审批流程）建议您咨询网络管理员（可通过电话或企业微信联系）[1] 或人力资源部确认。
Q060,计算机可以添加私人硬件吗？,员工手册 v2.2.pdf,手册-P25,0,0,0,手册-P28(0.53),手册-P03(0.51),None-P00(0.50),"根据提供的资料，公司制度中并未明确提及""是否可以添加私人硬件""的条款（提供的上下文主要涵盖防病毒管理、正版化管理、网络带宽管理等内容 [1]），因此我无法从现有资料中给出确切答案。  不过基于一般企业IT管理惯例和本制度的精神，建议如下：  1. **需先申请审批**：公司对计算机硬件有管理规范 [1]，涉及硬件更换、配置升级均需通过钉钉OA审批（如""标准配置更换""审批单）进行 [2]，私人硬件很可能同样需要报批。 2. **风险考虑**：自行添加私人硬件可能涉及驱动冲突、病毒来源、软件授权等问题，与公司防病毒管理和正版化管理规定相冲突 [1]。  建议您直接咨询网络管理员（可通过电话或企业微信联系 [1]）确认具体政策，以免违反规定而受到纪律处罚 [1]。"
Q061,公司内部计算机的IP地址如何分配？,员工手册 v2.2.pdf,手册-P25,1,1,1,手册-P24(0.56),手册-P03(0.54),手册-P28(0.52),根据公司规定，IP地址的分配方式如下：  - 公司内部计算机的 IP 地址统一由**网络管理员**分配一个独立的内网固定 IP 地址。 - 如需增加内网固定 IP 地址，需**与网络管理员联系并通过邮件申请**，不允许私自添加或修改 IP 地址。 - 如内网 IP 在使用中需要变更，可向内网管理员通过内部管理系统提出申请，由申请部门领导签字后，交由内网管理统一安排；变更完成后由申请部门相关人员签字确认 [1]。  此外，技术部在安装 Windows Server 或其他 Server 时，请勿添加非必要的服务（如 DHCP SERVICE、WINS SERVICE 和 DNS SERVICE 等），以免造成冲突 [1]。
Q062,账号密码的长度要求是多少？,员工手册 v2.2.pdf,手册-P26,1,1,1,手册-P26(0.52),手册-P03(0.45),None-P00(0.41),根据公司规定，账号的密码长度不得少于 6 位，且密码应由数字、大小写字母和特殊符号组成，具有必要的组合复杂度；禁止使用连续或相同的数字、字母组合（如 123456）以及其他易于破译的组合作为密码 [1]。
Q063,用户应多久修改一次密码？,员工手册 v2.2.pdf,手册-P26,1,1,1,手册-P26(0.46),手册-P34(0.44),None-P00(0.41),根据公司规定，用户应定期修改密码，**至少每季度（每三个月）一次**，并且同一密码不能反复使用 [1]。
Q064,公司有线网络和WIFI的准入账号密码是什么？,员工手册 v2.2.pdf,手册-P27,0,1,1,None-P00(0.61),手册-P26(0.54),手册-P28(0.46),公司有线网络和 WIFI（kpy-office）的准入账号密码统一为公司的 **LDAP 账号密码** [2]。  具体使用说明： - 无线网络选择 **kpy-office**，WIFI 密码是 **Kpy1234567890** [1] - 连接后（有线或无线）访问任意网站，会自动弹出准入认证页面，需输入 **LDAP 账号、密码、手机验证码和图片验证码** 进行认证 [1] - 准入认证有效期为**一个月**，即每个月需重新认证一次 [1]
Q065,公司禁止哪些下载行为？,员工手册 v2.2.pdf,手册-P27,0,0,1,手册-P28(0.67),手册-P03(0.63),手册-P26(0.62),根据公司《计算机使用及保管规定》，公司禁止的下载行为主要包括：  **网络带宽管理方面的规定（6.6）：** - 全时段禁止在公司通过 HTTP 或 FTP 的方式进行上传和下载 - 禁止使用多线程、BT、P2P 类下载程序下载文件（包括但不限于迅雷、快车、BT 等），以及使用诸如代理猎手的软件扫描网络端口 - 禁止使用 P2P 类播放器播放影音文件（如迅雷看看、酷狗、QQ 音乐、PPlive 等） - 如确因工作需要上传或下载文件，需向部门负责人提出申请，经同意后由网络管理员下载并发送给申请人 [1] - 禁止工作时间观看在线视频等视听节目，以及玩游戏、观看色情或反动信息等 [1]  **文件管理方面的规定（6.5）：** - 不下载来历不明或盗版的应用或驱动程序，如需正版软件可向部门负责人申请，公司批准后统一采购 [1]  **防病毒管理方面的规定（6.7）：** - 禁止使用来历不明、未经杀毒的软件，不阅读和下载来历不明的电子邮件或文件 [1]  **违规后果：** - 如发现滥用公司网络资源进行与工作无关的下载，网络管理员有权封住其 IP 地址和邮件账户，并通知部门负责人及人力资源部 [1]；情节严重的还可能依据《纪律处罚条例》受到纪律处罚 [1]
Q066,发现员工滥用网络资源进行与工作无关的下载，网络管理员如何处理？,员工手册 v2.2.pdf,手册-P28,1,1,1,手册-P28(0.70),纪律-P04(0.66),纪律-P01(0.62),根据公司网络管理规定，如果发现员工滥用公司网络资源进行与工作无关的下载，网络管理员有权利将其 IP 地址和邮件账户封住，并通知其部门负责人及人力资源部 [1]。  此外，对于存在此类违规行为的员工，除网络管理员采取技术措施处理外，员工所在部门及人力资源部还可依照《纪律处罚条例》对其进行纪律处罚 [1]。例如，违反公司相关规定、政策导致经济损失的行为，视情节轻重可给予书面警告、最终警告直至解除劳动合同的处分 [2]。
Q067,防病毒管理有哪些要求？,员工手册 v2.2.pdf,手册-P28,1,1,1,手册-P28(0.67),手册-P03(0.60),手册-P26(0.54),根据公司《计算机使用及保管规定》第6.7节，防病毒管理的要求如下：  1. **使用批准的杀毒软件**：各使用人或部门应采用内网管理批准的查毒、杀毒软件，包括服务器和客户端的杀毒软件 [1]。  2. **规范日常维护**：严格按照总公司信息技术部下发的桌面管理制度实施日常维护，不允许擅自重装操作系统及各种软件；禁止使用来历不明、未经杀毒的软件，不阅读和下载来历不明的电子邮件或文件，严格控制并阻断计算机病毒的来源。日常工作中遇到计算机异常情况，应及时通过电话、电子邮件、钉钉等方式上报系统管理员 [1]。  3. **杀毒软件安装与升级**：网络管理员会为每一台计算机安装杀毒软件，请尽量不要安装其他的反病毒软件，以免造成冲突，并需定期升级病毒库 [1]。  4. **违规处理**：如因员工使用不当（包括但不限于拷贝病毒文件、开设可写或完全共享、不安装防病毒软件、不升级病毒库、安装与工作无关的软件等）造成电脑感染病毒，网络管理员有权立即采取一切技术手段处理，并即时通知其部门经理及人力资源部 [1]。
Q068,向其他单位或个人提供正版软件造成版权纠纷的后果？,员工手册 v2.2.pdf,手册-P29,1,1,1,手册-P28(0.53),手册-P30(0.39),纪律-P04(0.39),根据公司正版化管理规定，不准向其他单位或个人提供任何正版软件。因向其他单位或个人提供正版软件而造成版权纠纷的，由软件提供人承担一切后果 [1]。此外，未经版权拥有人明确批准，不得复制及更改软件 [1]。
Q069,公司把违反规章制度的行为划分为哪几类？,纪律惩罚规定.pdf,纪律-P01,0,1,1,纪律-P04(0.65),纪律-P01(0.65),手册-P30(0.62),根据公司纪律处罚条例，公司明确将违反企业规章制度（违纪）的行为划分为**三类** [1]：  1. **轻度违纪** —— 可给予书面警告处分 2. **较重违纪** —— 可给予最终警告处分，并可同时实施降职、降薪或经济处罚 3. **严重违纪** —— 可给予解除劳动合同（辞退）的处理 [1]  此外，两次书面警告相当于一次最终警告 [1]。
Q070,轻度违纪行为会受到什么处分？,纪律惩罚规定.pdf,纪律-P01,1,1,1,纪律-P01(0.73),手册-P03(0.67),纪律-P04(0.66),根据纪律处罚条例，凡做出轻度违纪行为者，将受到**书面警告处分** [1]。  属于轻度违纪的情形包括：当月迟到、早退累计5次及以上；伪造考勤或溜岗一次；旷工一次；请人代打卡或代他人打卡；违反规定或工作失误导致0-5000元（含）经济损失等 [1]。此外，两次书面警告相当于一次最终警告 [1]。
Q071,严重违纪行为会受到什么处理？,纪律惩罚规定.pdf,纪律-P01,1,1,1,纪律-P01(0.66),手册-P03(0.63),纪律-P04(0.62),"根据公司纪律处罚条例，凡做出严重违纪行为者，将受到**解除劳动合同（即""辞退""）**的处理 [1]。  具体而言，属于严重违反公司规章制度的行为，经查实，可**不经预告予以辞退**，同时公司保留追究经济赔偿的权利——即解除劳动合同，且员工**不享受任何经济补偿** [1]。  此外需要注意： - 员工行为同时违反多项条款时，参照执行较重的处罚；处罚须查有实据 [1]。 - 若违纪给公司造成损失，员工还可能被要求承担赔偿责任 [1]。 - 如需并处赔偿、经济处罚，具体数额由财务部门或人力资源部提出核算依据，报总经理决定 [1]。"
Q072,哪些行为属于轻度违纪（可给予书面警告）？请列举至少三项。,纪律惩罚规定.pdf,纪律-P01、纪律-P02,1,1,1,纪律-P01(0.74),手册-P30(0.70),手册-P03(0.68),根据纪律处罚条例，属于轻度违纪、可给予书面警告的行为包括 [1][2]：  1. **迟到、早退当月累计5次及以上** [1][2] 2. **伪造考勤、无故脱岗（溜岗）一次** [1][2] 3. **请人代打卡或代他人打卡** [1][2] 4. **旷工一次** [1][2] 5. 违反公司或部门标准操作程序或其他制度、政策，导致0–5000元（含）经济损失的 [1][2] 6. 因工作失误导致0–5000元（含）经济损失的 [1][2] 7. 因违反公司相关规定或个人使用及保管不当，造成个人资产名下的公司资产不能正常使用的 [1][2] 8. 其它管理政策中提到的警告内容（如法律、知识产权政策等）[1][2]
Q073,哪些行为属于较重违纪（可给予最终警告）？,纪律惩罚规定.pdf,纪律-P02,1,1,1,纪律-P01(0.77),手册-P03(0.76),纪律-P04(0.71),根据公司纪律处罚条例，属于较重违纪行为、经查实可给予最终警告（并可同时实施降职、降薪或经济处罚）的情形包括：  1. **威胁、谩骂、侮辱、诽谤他人** [1] 2. 因违反公司相关规定，或因个人使用及保管不当，而造成**他人及公共财产损失** [1] 3. 违反公司或部门标准操作程序或其他制度、政策，导致 **5000 至 20000 元经济损失**，或不能按照公司要求的时间进度和工作标准完成工作任务 [1] 4. 因工作失误，导致 **5000 至 20000 元经济损失**，或不能按要求的时间进度和工作标准完成工作任务 [1] 5. 合同期内，**累计旷工两次** [1] 6. 其它管理政策中提到的相关内容 [1]  此外，**两次书面警告相当于一次最终警告** [1]。
Q074,两次书面警告相当于什么处分？,纪律惩罚规定.pdf,纪律-P02,0,1,1,手册-P03(0.70),纪律-P01(0.66),纪律-P04(0.57),两次书面警告相当于一次最终警告 [2]。
Q075,造成20000元（含）以上损失的违纪行为如何处理？,纪律惩罚规定.pdf,纪律-P04,1,1,1,纪律-P04(0.67),纪律-P01(0.65),手册-P03(0.61),根据《纪律处罚条例》，造成 20000 元（含）以上损失的违纪行为属于**严重违纪**，经查实后，公司可**不经预告予以辞退**（即解除劳动合同，且不享受任何经济补偿），同时公司保留追究经济赔偿的权利 [1]。  具体而言，以下两种情形均按严重违纪处理 [1]： - 违反公司或部门标准操作程序或其他制度、政策，导致 20000 元（含）以上损失者； - 因过错或失职，造成人员伤害或财、物损失，价值 20000 元（含）以上者。  此外，如需要并处赔偿或经济处罚，具体数额由财务部门或人力资源部提出核算依据，送报总经理决定，经济处罚可包括取消或减少该员工的奖金、浮动性收入资格 [1]。
Q076,处罚决定（书面警告、降职降薪、辞退等）需要谁批准？,纪律惩罚规定.pdf,纪律-P06,0,0,1,手册-P03(0.74),纪律-P01(0.68),纪律-P04(0.65),根据纪律处罚条例，书面警告、最终警告及降职、降薪、辞退等处罚决定，均需由**直接上级和人力资源部共同审核，最终由总经理批准** [2]。
Q077,员工对处罚决定有异议时如何处理？,纪律惩罚规定.pdf,纪律-P05,1,1,1,纪律-P04(0.64),手册-P32(0.58),手册-P03(0.56),根据员工手册规定，员工对处罚决定有异议时处理流程如下：  1. **声明异议**：当事人如对违纪记录及处罚决定有异议，应在《纪律处分报告表》相应栏目内签字声明 [1][2]。  2. **复核期限**：人力资源部应在员工提出异议后的**七日内**对违纪事件进行重复核实 [1][2]。  3. **复核结果处理**：    - **核实无误**：按原处罚决定执行。违纪当事人拒绝签字并不能使处分无效，但此时须有旁证人签字证明当事人拒绝签字或拒绝接受处分 [1][2]。    - **复核结果与原结果有差异**：应按新的调查结果重新组织违纪人直接主管和违纪人进行面谈，并确认最终处分决定 [1][2]。  此外，在举证、查证过程中，当事人有充分的申辩权利 [1][2]。如部门负责人在处理纪律事宜有不明之处，应向人力资源部咨询或征求建议 [1][2]。
Q078,违纪员工给公司造成损失时还需承担什么责任？,纪律惩罚规定.pdf,纪律-P01,0,1,1,纪律-P04(0.63),纪律-P01(0.59),手册-P30(0.58),根据纪律处罚条例的规定，违纪员工给公司造成损失时，除受到相应的纪律处分外，还需承担以下责任：  1. **赔偿责任**：给公司造成损失的，员工同时还被要求向公司承担赔偿责任 [1]。  2. **经济处罚**：公司可根据其他内部规定并处其他处罚。如需要并处赔偿、经济处罚，具体数额由财务部门或人力资源部提出核算依据，然后送报总经理决定。经济处罚可以是根据相关规定，使该员工少享受或取消享受下列款项的资格：奖金、浮动性收入 [1]。  3. **辞退情形下的经济追偿**：对于严重违纪被辞退（解除劳动合同，且不享受任何经济补偿）的员工，公司保留追究经济赔偿的权利 [1][2]。
Q079,公司的绩效考核周期和发放时间是什么？,绩效管理办法V1.1.pdf,绩效-P01,0,1,1,绩效-P03(0.65),绩效-P01(0.61),绩效-P04(0.60),根据公司绩效管理办法：  **考核周期**：绩效考核周期为双月/季度绩效评估，具体结合部门业务属性核定 [1]。  **发放时间**：绩效工资在绩效考核周期结束的次月 25 日发放（遇周末及法定节假日顺延）[1]。  **相关时间节点** [1]： - 考核周期开始前 5 日（逢周末/节假日提前），各部门负责人提交当期考核目标相关文档至人力资源部； - 考核周期结束当月 27 日前，员工提交绩效考核表至部门负责人； - 考核周期结束后次月 1 日前，各部门负责人提交部门内绩效考核结果至人力资源部。
Q080,公司考核管理委员会由哪些人组成？,绩效管理办法V1.1.pdf,绩效-P01,1,1,1,绩效-P01(0.59),绩效-P03(0.54),绩效-P04(0.53),根据公司绩效管理办法，考核管理委员会由**总经理、CTO、CIO、副总经理、人力资源部总监**组成，负责领导考核工作 [1]。
Q081,试用期员工是否参加绩效考核？,绩效管理办法V1.1.pdf,绩效-P01,0,0,1,手册-P08(0.63),绩效-P03(0.62),绩效-P01(0.61),是的，试用期员工需要参加绩效考核。根据公司绩效管理办法，福建靠谱云算力技术有限公司及关联公司的所有员工均需参加考核，试用期员工与实习生参与绩效评估，但**不计算绩效工资**，绩效评估结果将作为转正的重要参考依据 [2]。  另外需要注意的是，员工在考核周期内转正的，若转正当月在岗天数达到当月计薪日的三分之二及以上，可参与当月绩效工资评定；未达到该标准的，原则上转正当月不参与绩效工资评定 [2]。
Q082,关键绩效指标设立的SMART法则各字母代表什么？,绩效管理办法V1.1.pdf,绩效-P02,0,1,1,绩效-P04(0.50),绩效-P01(0.45),绩效-P03(0.44),SMART法则各字母含义如下：  - **S（具体）**：指标必须是具体的、可理解的，可告诉员工具体要做什么或完成什么； - **M（可度量）**：指标是“可度量的”，员工知道如何衡量他的工作成果； - **A（可实现）**：指标是“可达到的”、“可实现的”，具有挑战性但可达成； - **R（相关的）**：指标与岗位职责及公司目标紧密相关； - **T（有时限）**：指标是“有时限的”，员工知道应该在什么时间完成。[1]
Q083,公司的绩效等级有哪些？,绩效管理办法V1.1.pdf,绩效-P04,1,1,1,绩效-P04(0.71),绩效-P06(0.66),绩效-P01(0.63),根据《绩效管理办法》，公司绩效考核结果共分为七个等级（6.6.1 等级标准）[1]：  | 等级 | 定义 | |------|------| | **S** | 卓越——表现显著超越目标，在领导力、创新和团队合作等方面有突出贡献 | | **A** | 优秀——表现持续超越期望，成果卓越，能独立处理复杂问题 | | **A-** | 良好——稳定达到期望，成果良好，能独立完成任务 | | **B** | 合格——表现符合期望，成果令人满意，需在特定领域改进 | | **B-** | 尚需努力——表现部分未达期望，需指导和支持以提升 | | **C** | 需要改进——多个领域未达期望，需要显著改进 | | **D** | 不满足要求——关键领域表现未达标，需加强培训和辅导 |  等级对应的评估总分区间：S（110–120）、A（100–110）、A-（90–100）、B（80–90）、B-（70–80）、C（60–70）、D（<60）[1]。  此外，考核结果采用强制分布，各等级比例上限分别为：S 5%、A 10%、A- 10%、B 45%、B- 15%、C 10%、D 5%[1]。
Q084,绩效等级S对应的分数区间是多少？,绩效管理办法V1.1.pdf,绩效-P04,1,1,1,绩效-P04(0.71),绩效-P06(0.60),绩效-P01(0.56),绩效等级 S（卓越）对应的评估总分区间是 **110≤X≤120** [1]。
Q085,绩效强制分布各等级的人数占比上限是多少？,绩效管理办法V1.1.pdf,绩效-P04,1,1,1,绩效-P04(0.71),绩效-P03(0.57),绩效-P01(0.56),根据绩效管理办法，考核评定最终结果采用强制分布，各等级人数占比上限如下 [1]：  | 等级 | S（卓越） | A（优秀） | A-（良好） | B（合格） | B-（尚需努力） | C（需要改进） | D（不满足要求） | |------|-----------|-----------|------------|-----------|----------------|----------------|------------------| | 比例上限 | 5% | 10% | 10% | 45% | 15% | 10% | 5% |  其中各等级对应的评估总分为：S（110≤X≤120）、A（100≤X<110）、A-（90≤X<100）、B（80≤X<90）、B-（70≤X<80）、C（60≤X<70）、D（X<60）[1]。
Q086,绩效等级系数中M岗和P岗的最高系数分别是多少？,绩效管理办法V1.1.pdf,绩效-P05,1,1,1,绩效-P04(0.70),绩效-P06(0.56),绩效-P01(0.54),根据绩效等级系数表，M岗最高系数为 **60%**（S级），P岗最高系数为 **45%**（S级）[1]。
Q087,员工对考核结果有异议的申诉期限是多久？,绩效管理办法V1.1.pdf,绩效-P05,1,1,1,绩效-P04(0.62),绩效-P03(0.61),绩效-P06(0.58),员工对考核结果有异议时，如沟通无法解决，可在**知道考核结果后 5 个工作日内**向上一级领导或人力资源部提出申诉。上一级领导或人力资源部在接到申诉后 5 个工作日内给予答复 [1]。  （注：此申诉期限原为“2 个工作日”，在 V1.1 版本中调整为“5 个工作日” [1]。）
Q088,什么情况下视为不能胜任本岗位工作？,绩效管理办法V1.1.pdf,绩效-P05,1,1,1,绩效-P04(0.50),纪律-P04(0.44),手册-P30(0.44),根据文件，员工绩效考核成绩为 B- 及以下，达到以下任一情形的，视为不能胜任本岗位工作 [1]：  - **双月考核**：累计全年 3 次（含）以上； - **季度考核**：累计全年 2 次（含）以上。  对该类员工，公司将优先安排岗位技能培训或调整工作岗位；经培训或调岗后，仍不能胜任工作的，公司将依法解除劳动合同 [1]。
Q089,员工缺勤超过多少不参与当期绩效工资评定？,绩效管理办法V1.1.pdf,绩效-P03,1,1,1,绩效-P03(0.64),手册-P22(0.61),手册-P12(0.59),根据公司绩效考核制度，员工在一个绩效考核周期内缺勤天数（含事假/病假等）按计薪日计算，累积**超过三分之一**，原则上不参与本次绩效工资评定。  例外情况：若该员工经部门负责人确认、人力资源部核准，已按期保质完成考核周期内全部工作任务，可按实际完成工作情况核定发放绩效工资。此外，法定带薪假（如年休假、陪产假、婚假、法定丧假、工伤假等）不计入缺勤天数 [1]。
Q090,员工在考核周期内转正，需满足什么条件才能参与当月绩效评定？,绩效管理办法V1.1.pdf,绩效-P03,0,1,1,绩效-P04(0.63),绩效-P03(0.63),绩效-P06(0.60),根据规定，员工在考核周期内转正的，若转正该月在岗天数达到当月计薪日的三分之二及以上，可参与当月绩效工资评定；若未达到上述标准，原则上转正当月不参与本次绩效工资评定 [1]。
Q091,绩效面谈应在什么时间进行？,绩效管理办法V1.1.pdf,绩效-P03,1,1,1,绩效-P03(0.58),绩效-P04(0.47),绩效-P01(0.46),根据《绩效管理办法》6.5 条的规定：  - **考核目标设定前**：考核者需与被考核者充分沟通，协商达成一致并签字确认。 - **考核结果出具后 5 个工作日内**：考核者需与被考核者进行绩效面谈，内容包括反馈优点与不足、制定改进计划、沟通下一期考核目标并达成共识。双方签字确认后，面谈记录须在 **3 个工作日内**提交人力资源部存档，未提交者当期考核结果不予生效 [1]。  此外，如面谈无法达成一致或员工拒绝签字，考核者应如实记录并注明情况，经部门负责人签字后提交人力资源部备案，视为已履行面谈程序；人力资源部将在 3 个工作日内介入处理分歧 [1]。
Q092,P岗年终绩效评为S级的条件是什么？,绩效管理办法V1.1.pdf,绩效-P06,0,1,1,绩效-P04(0.71),绩效-P06(0.61),绩效-P01(0.58),根据文件，P岗年终绩效评为S级的条件是：全年考核中 S/A/A- 次数占比 ≥70%，且至少获得 1 次 S，且全年无 B- 及以下等级 [1]。  另外注意：对于未完整参与全年考核的员工，其达标次数 = 实际考核次数 × 对应等级比例（四舍五入取整），且最终达标次数不得低于 1 次 [1]。
Q093,绩效考核结果有哪些应用？,绩效管理办法V1.1.pdf,绩效-P05,1,1,1,绩效-P04(0.60),绩效-P03(0.59),绩效-P01(0.56),绩效考核结果的应用主要包括以下几个方面 [1]：  1. **人事决策的重要依据**：绩效考核结果将作为绩效工资发放、年终奖金、年终绩效、调薪、晋升、降级、降薪、辞退、提升培训等重要依据。  2. **年终奖金发放**：年终奖金的发放与员工年度绩效考核等级挂钩，由公司依据当年度总体业绩情况并结合个人绩效等级进行核算和确认发放方案，具体发放规则以公司当年正式发布的方案为准。  3. **不能胜任处理**：绩效考核成绩为 B- 及以下，双月考核累计全年 3 次（含）以上、或季度考核累计全年 2 次（含）以上的，视为不能胜任本岗位工作。公司将对这类员工优先安排岗位技能培训或调整工作岗位；经培训或调岗后仍不能胜任工作的，公司将依法解除劳动合同。  此外，试用期员工与实习生的绩效评估结果（虽不计算绩效工资）将作为转正的重要参考依据 [1]。
Q094,薪酬福利制度的适用范围是什么？,薪酬福利制度V3.0.pdf,薪酬-P01,1,1,1,薪酬-P01(0.61),薪酬-P05(0.56),手册-P02(0.53),根据公司薪酬福利制度，其适用范围是：**适用于公司及关联公司全体职工（不含劳务人员）** [1]。
Q095,员工的薪资由哪两部分构成？各包括什么？,薪酬福利制度V3.0.pdf,薪酬-P01,1,1,1,薪酬-P01(0.52),薪酬-P05(0.52),绩效-P03(0.52),根据公司薪酬福利制度，员工的薪资由固定部分和浮动部分两部分构成 [1]：  **固定部分**，包括： - **基本工资**：根据政府有关机构要求的保险最低缴费标准设定 [1] - **岗位工资**：根据岗位重要性、职责设定，岗位发生变化时相应调整 [1]  **浮动部分**，包括： - **绩效工资**：参照《绩效管理办法》及各部门绩效考核方案 [1] - **年终奖金**：根据公司经营状况、部门绩效和员工绩效表现综合评定（仅限发放日在职员工）[1] - **提成**、**项目奖金**、**证书补贴**等 [1]
Q096,年终奖金的发放对象是谁？,薪酬福利制度V3.0.pdf,薪酬-P01,0,0,0,薪酬-P03(0.54),薪酬-P05(0.52),手册-P16(0.47),根据提供的资料，文中并没有直接说明“年终奖金”的发放对象。资料中提到的“专项奖金”才有明确的奖励对象说明。  **专项奖金的奖励对象** [1]：奖金授予在特定领域做出显著贡献的员工或团队，包括但不限于： - 成功按时完成重大项目或任务； - 在产品开发、技术创新、市场拓展中取得突破； - 在客户服务、团队合作、内部管理中表现卓越。  另外，版本更新记录中提到 V2.2 版本曾“新增年终绩效” [1]，但具体内容（包括年终奖金的发放对象）未在提供的资料中体现。如果您需要了解年终奖金的发放对象，建议咨询公司人力资源部。
Q097,特殊调薪一般在什么时间进行？,薪酬福利制度V3.0.pdf,薪酬-P02,0,0,1,薪酬-P03(0.65),薪酬-P05(0.60),薪酬-P01(0.59),根据公司薪酬福利制度，特殊调薪一般在**每年 10 月**进行，适用于因绩效表现优异（近 1 年有 3 次绩效成绩 A（含）以上）、核心人员保有、市场薪资水平等原因产生的薪资调整，由部门 HRBP 提报，经一级部门负责人、分管副总、HRD 确认、总经理审批后，调薪日期以《异动调薪表》审批完成的次月为准。[1]
Q098,员工两次调薪的时间间隔要求是什么？,薪酬福利制度V3.0.pdf,薪酬-P03,1,1,1,薪酬-P03(0.61),薪酬-P01(0.60),手册-P22(0.58),员工两次调薪时间间隔原则上需 **≥6 个月**，但职位晋升不受此限制。试用期员工以转正调薪之日作为间隔计算起点，正式员工则以上一次调薪时间作为间隔计算起点 [1]。  另外，职级晋升（岗位未变动、职级变动）原则上每年仅一次统一定级机会（试用期员工除外）[1]。
Q099,每次调薪的幅度上限是多少？,薪酬福利制度V3.0.pdf,薪酬-P03,1,1,1,薪酬-P03(0.61),薪酬-P01(0.58),薪酬-P05(0.54),每次调薪幅度原则上不超过原薪资的 20%；如为业绩卓越、贡献突出人员申请超出此幅度的，需附上理由申请特批 [1]。
Q100,近半年绩效存在B-/C/D的员工能否调薪？,薪酬福利制度V3.0.pdf,薪酬-P03,0,0,1,薪酬-P01(0.62),绩效-P04(0.62),薪酬-P03(0.61),"不能。根据公司薪酬制度,近半年绩效存在 B-/C/D 的人员,不做薪资增长;需在 6 个月后绩效有明显改善的,方可评估调整。[1]"
Q101,员工受处分后多久不能调薪？,薪酬福利制度V3.0.pdf,薪酬-P03,0,0,0,纪律-P04(0.62),手册-P03(0.58),手册-P32(0.56),根据所提供的员工手册内容，其中并没有关于员工受处分后多长时间内不能调薪的规定。  文档中仅提到纪律处分会影响经济利益的情况包括：经济处罚可使员工少享受或取消享受奖金、浮动性收入的资格 [1][2]，但并未规定受处分后禁止调薪的期限。  如需了解该问题的准确答案，建议向人力资源部咨询 [1][2]。
Q102,公司薪资一般在什么时间发放？,薪酬福利制度V3.0.pdf,薪酬-P05,0,0,0,手册-P22(0.56),手册-P18(0.51),手册-P12(0.51),根据公司规定，薪资发放时间如下：  - 工资以自然月计算，根据当月实际出勤核算，**每月 10 日计发上月工资**（即 2 月 10 日发放 1 月 1 日—1 月 31 日的薪酬），遇法定假日顺延 [1]。 - **当期绩效工资于下个月的 25 日发放** [1]。  工资通过银行转账方式存入员工个人工资账户 [1]。
Q103,专项奖金的评选周期是多久？,薪酬福利制度V3.0.pdf,薪酬-P05,1,1,1,薪酬-P05(0.59),薪酬-P03(0.57),绩效-P03(0.55),专项奖金每季度评选一次 [1]。
Q104,正式员工的健康体检多久一次？,薪酬福利制度V3.0.pdf,薪酬-P05,0,0,0,手册-P16(0.50),手册-P02(0.50),手册-P34(0.50),根据所提供的员工手册内容，**未找到关于正式员工健康体检频率的规定**。上下文中只包含考勤、假期（年假、病假、事假等）及相关制度修订记录，没有提及体检相关内容。  建议您查阅员工手册中“员工福利”或其他章节，或直接咨询公司人力资源部确认体检安排。
Q105,生育礼金的金额是多少？,薪酬福利制度V3.0.pdf,薪酬-P05,1,1,1,薪酬-P05(0.51),手册-P20(0.47),手册-P18(0.47),生育礼金为 300 元，即男员工家庭迎来新生命时，公司赠送一份 300 元的祝贺金 [1]。
Q106,加班餐补的标准是多少？,薪酬福利制度V3.0.pdf,薪酬-P05,0,0,0,手册-P12(0.55),手册-P02(0.55),手册-P22(0.54),提供的公司制度资料中并未包含加班餐补标准的相关内容。资料中只涉及加班的定义、加班时间计算方法、加班申请审批程序以及调休规定等，均未提及加班餐补的具体金额或标准 [1]。  建议您咨询公司人力资源部，或查阅《员工手册》中薪酬福利相关章节，以获取准确的加班餐补标准。
Q107,团建活动经费的标准是多少？,薪酬福利制度V3.0.pdf,薪酬-P05,1,1,1,薪酬-P05(0.48),手册-P06(0.43),手册-P03(0.41),团建活动经费的标准是：公司为每位正式员工提供 **200 元/季度**，作为团建建设经费，由各部门自行组织安排活动，详情参考《团建费用管理办法》 [1]。
Q108,健康关怀金的金额范围是多少？,薪酬福利制度V3.0.pdf,薪酬-P05,1,1,1,薪酬-P05(0.50),手册-P18(0.44),手册-P02(0.42),健康关怀金的金额范围是 100 至 3000 元，公司将根据员工的健康状况和实际需要提供该补贴 [1]。
Q109,本薪酬福利制度自何时起生效？,薪酬福利制度V3.0.pdf,薪酬-P06,1,1,1,薪酬-P05(0.61),薪酬-P01(0.60),手册-P02(0.55),本制度自 2024 年 06 月 01 日起生效 [1]。
