文档,页码,首行文本
员工手册 v2.2.pdf,1,福建靠谱云算力技术有限公司
员工手册 v2.2.pdf,2,福建靠谱云算力技术有限公司
员工手册 v2.2.pdf,3,福建靠谱云算力技术有限公司
员工手册 v2.2.pdf,4,福建靠谱云算力技术有限公司
员工手册 v2.2.pdf,5,福建靠谱云算力技术有限公司
员工手册 v2.2.pdf,6,福建靠谱云算力技术有限公司
员工手册 v2.2.pdf,7,福建靠谱云算力技术有限公司
员工手册 v2.2.pdf,8,福建靠谱云算力技术有限公司
员工手册 v2.2.pdf,9,福建靠谱云算力技术有限公司
员工手册 v2.2.pdf,10,福建靠谱云算力技术有限公司
员工手册 v2.2.pdf,11,福建靠谱云算力技术有限公司
员工手册 v2.2.pdf,12,福建靠谱云算力技术有限公司
员工手册 v2.2.pdf,13,福建靠谱云算力技术有限公司
员工手册 v2.2.pdf,14,福建靠谱云算力技术有限公司
员工手册 v2.2.pdf,15,福建靠谱云算力技术有限公司
员工手册 v2.2.pdf,16,福建靠谱云算力技术有限公司
员工手册 v2.2.pdf,17,福建靠谱云算力技术有限公司
员工手册 v2.2.pdf,18,福建靠谱云算力技术有限公司
员工手册 v2.2.pdf,19,福建靠谱云算力技术有限公司
员工手册 v2.2.pdf,20,福建靠谱云算力技术有限公司
员工手册 v2.2.pdf,21,福建靠谱云算力技术有限公司
员工手册 v2.2.pdf,22,福建靠谱云算力技术有限公司
员工手册 v2.2.pdf,23,福建靠谱云算力技术有限公司
员工手册 v2.2.pdf,24,福建靠谱云算力技术有限公司
员工手册 v2.2.pdf,25,福建靠谱云算力技术有限公司
员工手册 v2.2.pdf,26,福建靠谱云算力技术有限公司
员工手册 v2.2.pdf,27,福建靠谱云算力技术有限公司
员工手册 v2.2.pdf,28,福建靠谱云算力技术有限公司
员工手册 v2.2.pdf,29,福建靠谱云算力技术有限公司
员工手册 v2.2.pdf,30,福建靠谱云算力技术有限公司
员工手册 v2.2.pdf,31,福建靠谱云算力技术有限公司
员工手册 v2.2.pdf,32,福建靠谱云算力技术有限公司
员工手册 v2.2.pdf,33,福建靠谱云算力技术有限公司
员工手册 v2.2.pdf,34,福建靠谱云算力技术有限公司
员工手册 v2.2.pdf,35,福建靠谱云算力技术有限公司
纪律惩罚规定.pdf,1,纪律处罚条例
纪律惩罚规定.pdf,2,资产名下的公司资产不能正常使用的。
纪律惩罚规定.pdf,3,4. 解除劳动合同（简称“辞退”）
纪律惩罚规定.pdf,4,不改正的。
纪律惩罚规定.pdf,5,部讨论确定处罚方案。
纪律惩罚规定.pdf,6,8. 咨询与建议
绩效管理办法V1.1.pdf,1,福建靠谱云算力技术有限公司
绩效管理办法V1.1.pdf,2,福建靠谱云算力技术有限公司
绩效管理办法V1.1.pdf,3,福建靠谱云算力技术有限公司
绩效管理办法V1.1.pdf,4,福建靠谱云算力技术有限公司
绩效管理办法V1.1.pdf,5,福建靠谱云算力技术有限公司
绩效管理办法V1.1.pdf,6,福建靠谱云算力技术有限公司
薪酬福利制度V3.0.pdf,1,福建靠谱云算力技术有限公司
薪酬福利制度V3.0.pdf,2,福建靠谱云算力技术有限公司
薪酬福利制度V3.0.pdf,3,福建靠谱云算力技术有限公司
薪酬福利制度V3.0.pdf,4,福建靠谱云算力技术有限公司
薪酬福利制度V3.0.pdf,5,福建靠谱云算力技术有限公司
薪酬福利制度V3.0.pdf,6,福建靠谱云算力技术有限公司
